field,text,expected
yes_no,हाँ जी,"""yes"""
yes_no,जी हाँ बिल्कुल,"""yes"""
yes_no,नहीं,"""no"""
yes_no,नहीं जी गलत है,"""no"""
q0,सीतापुर,"""SITAPUR"""
q0,मैं गया जिले से हूँ,"""GAYA"""
q0,भोजपुर,"""BHOJPUR"""
q1,आठवीं तक पढ़ी हूँ,"{""class"": 8}"
q1,दसवीं पास,"{""class"": 10}"
q1,पाँचवीं तक,"{""class"": 5}"
q1,बारहवीं पास किया है,"{""class"": 12}"
q1,कभी स्कूल नहीं गई,"{""class"": 0}"
q1,आईटीआई किया है,"{""class"": 12, ""iti"": true}"
q2,सिलाई का काम,"""TAILORING"""
q2,हमारे घर में बुनाई होती है,"""WEAVING"""
q2,चमड़े का काम करते हैं,"""LEATHER"""
q2,खेती बाड़ी,"""FARMING"""
q2,मिट्टी के बर्तन बनाते हैं,"""POTTERY"""
q2,बाँस की टोकरी बनाते हैं,"""BAMBOO"""
q2_years,बारह साल से,12
q2_years,पाँच साल,5
q2_years,बचपन से कर रहे हैं,10
q3,मजदूरी करता हूँ,"{""concept"": ""LABOUR"", ""status"": ""casual""}"
q3,अभी कोई काम नहीं है,"{""concept"": ""NONE"", ""status"": ""none""}"
q3,राजमिस्त्री का काम,"{""concept"": ""CONSTRUCTION"", ""status"": null}"
q4,सिलाई और ब्यूटी पार्लर सीखना है,"[""TAILORING"", ""BEAUTY""]"
q4,बिजली का काम सीखना है,"[""ELECTRICAL""]"
q4,कंप्यूटर सीखना है,"[""COMPUTER""]"
q5,कोई परेशानी नहीं,"""none"""
q5,दूर नहीं जा सकती,"""distance"""
q5,पैर में दिक्कत है,"""physical"""
q5,बच्चों को देखना पड़ता है,"""care_duty"""
q6,अपना काम करना है,"""self"""
q6,नौकरी चाहिए,"""wage"""
q6,कुछ भी चलेगा,"""either"""
q7,यहाँ खेती का काम सबसे ज़्यादा है,"[""FARMING""]"
q7,ई रिक्शा चलाने वाले बहुत हैं,"[""DRIVING""]"
q7,दुकान का काम,"[""SHOP""]"
